Generation,Name,type_Ghost,type_Psychic,type_Ground,type_Grass,type_Ice
1,165,0.0240963855422,0.066265060241,0.0481927710843,0.078313253012,0.0120481927711
2,106,0.00943396226415,0.0660377358491,0.0283018867925,0.0849056603774,0.0377358490566
3,160,0.03125,0.075,0.04375,0.08125,0.04375
4,121,0.0578512396694,0.0661157024793,0.0330578512397,0.123966942149,0.0247933884298
5,165,0.030303030303,0.0848484848485,0.0606060606061,0.0909090909091,0.0363636363636
6,82,0.121951219512,0.0609756097561,0.0,0.0609756097561,0.0243902439024
